Ensembl_ID,Gene_Symbol,Gene_Description
ENSG00000163975.10,MELTF,melanotransferrin
ENSG00000083444.15,PLOD1,procollagen-lysine;2-oxoglutarate 5-dioxygenase 1
ENSG00000156467.8,UQCRB,ubiquinol-cytochrome c reductase binding protein
ENSG00000138772.11,ANXA3,annexin A3
ENSG00000140443.12,IGF1R,insulin like growth factor 1 receptor
ENSG00000167371.15,PRRT2,proline rich transmembrane protein 2
ENSG00000243649.7,CFB,complement factor B
ENSG00000245750.6,DRAIC,downregulated RNA in cancer; inhibitor of cell invasion and migration
ENSG00000231645.2,KRT17P6,keratin 17 pseudogene 6
ENSG00000271826.4,PLS3-AS1,PLS3 antisense RNA 1
ENSG00000230424.1,EMC1-AS1,EMC1 antisense RNA 1
ENSG00000115850.8,LCT,lactase
ENSG00000254607.2,KIRREL3-AS4,KIRREL3 antisense RNA 4
ENSG00000094804.8,CDC6,cell division cycle 6
ENSG00000142025.14,DMRTC2,DMRT like family C2
ENSG00000231233.1,CFAP58-DT,CFAP58 divergent transcript
ENSG00000223949.5,ROR1-AS1,ROR1 antisense RNA 1
ENSG00000196208.12,GREB1,growth regulating estrogen receptor binding 1
ENSG00000278934.1,N/A,N/A
ENSG00000103310.9,ZP2,zona pellucida glycoprotein 2
ENSG00000138801.7,PAPSS1,3'-phosphoadenosine 5'-phosphosulfate synthase 1
ENSG00000137135.16,ARHGEF39,Rho guanine nucleotide exchange factor 39
ENSG00000100479.11,POLE2,DNA polymerase epsilon 2; accessory subunit
ENSG00000179826.6,MRGPRX3,MAS related GPR family member X3
ENSG00000243806.1,RPL7P18,ribosomal protein L7 pseudogene 18
ENSG00000204385.9,SLC44A4,solute carrier family 44 member 4
ENSG00000105695.13,MAG,myelin associated glycoprotein
ENSG00000100629.15,CEP128,centrosomal protein 128
ENSG00000198729.4,PPP1R14C,protein phosphatase 1 regulatory inhibitor subunit 14C
ENSG00000233954.6,UQCRHL,ubiquinol-cytochrome c reductase hinge protein like
ENSG00000142273.9,CBLC,Cbl proto-oncogene C
ENSG00000010292.11,NCAPD2,non-SMC condensin I complex subunit D2
ENSG00000143771.10,CNIH4,cornichon family member 4
ENSG00000172602.8,RND1,Rho family GTPase 1
ENSG00000159208.14,CIART,circadian associated repressor of transcription
ENSG00000163141.17,BNIPL,BCL2 interacting protein like
ENSG00000177374.11,HIC1,HIC ZBTB transcriptional repressor 1
ENSG00000188133.5,TMEM215,transmembrane protein 215
ENSG00000231789.2,PIK3CD-AS2,PIK3CD antisense RNA 2
ENSG00000111319.11,SCNN1A,sodium channel epithelial 1 subunit alpha
ENSG00000164825.3,DEFB1,defensin beta 1
ENSG00000130988.11,RGN,regucalcin
ENSG00000103269.12,RHBDL1,rhomboid like 1
ENSG00000280916.1,FOXCUT,FOXC1 upstream transcript
ENSG00000232044.6,SILC1,sciatic injury induced lincRNA upregulator of SOX11
ENSG00000128849.10,CGNL1,cingulin like 1
ENSG00000224853.1,LINC00393,long independently transcribed non-coding RNA 393
ENSG00000125879.4,OTOR,otoraplin
ENSG00000162949.15,CAPN13,calpain 13
ENSG00000173890.15,GPR160,G protein-coupled receptor 160
ENSG00000171462.13,DLK2,delta like non-canonical Notch ligand 2
ENSG00000170369.3,CST2,cystatin SA
ENSG00000127084.16,FGD3,FYVE; RhoGEF and PH domain containing 3
ENSG00000134830.5,C5AR2,complement C5a receptor 2
ENSG00000156787.15,TBC1D31,TBC1 domain family member 31
ENSG00000111087.8,GLI1,GLI family zinc finger 1
ENSG00000147434.7,CHRNA6,cholinergic receptor nicotinic alpha 6 subunit
ENSG00000162373.11,BEND5,BEN domain containing 5
ENSG00000182459.4,TEX19,testis expressed 19
ENSG00000249307.4,LINC01088,long intergenic non-protein coding RNA 1088
ENSG00000263597.1,MIR3936,microRNA 3936
ENSG00000207110.1,RNVU1-32,RNA; variant U1 small nuclear 32
ENSG00000181291.5,TMEM132E,transmembrane protein 132E
ENSG00000254416.4,LOC124902752,uncharacterized LOC124902752
ENSG00000233823.1,N/A,N/A
ENSG00000175793.11,SFN,stratifin
ENSG00000141741.10,MIEN1,migration and invasion enhancer 1
ENSG00000244468.1,TM4SF18-AS1,TM4SF18 antisense RNA 1
ENSG00000204044.6,SLC12A5-AS1,SLC12A5 and MMP9 antisense RNA 1
ENSG00000099994.10,SUSD2,sushi domain containing 2
ENSG00000276223.1,N/A,N/A
ENSG00000176597.10,B3GNT5,UDP-GlcNAc:betaGal beta-1;3-N-acetylglucosaminyltransferase 5
ENSG00000169083.14,AR,androgen receptor
ENSG00000179314.12,WSCD1,WSC domain sialate O sulfotransferase 1
ENSG00000273259.2,N/A,N/A
ENSG00000242540.2,N/A,N/A
ENSG00000207422.1,RNU6-813P,RNA; U6 small nuclear 813; pseudogene
ENSG00000158315.9,RHBDL2,rhomboid like 2
ENSG00000135324.5,MRAP2,melanocortin 2 receptor accessory protein 2
ENSG00000257497.2,GLIPR1-AS1,GLIPR1 antisense RNA 1
ENSG00000141837.17,CACNA1A,calcium voltage-gated channel subunit alpha1 A
ENSG00000280362.1,N/A,N/A
ENSG00000256612.6,CYP2B7P,cytochrome P450 family 2 subfamily B member 7; pseudogene
ENSG00000112029.8,FBXO5,F-box protein 5
ENSG00000197461.12,PDGFA,platelet derived growth factor subunit A
ENSG00000160117.13,ANKLE1,ankyrin repeat and LEM domain containing 1
ENSG00000253125.1,EGR3-AS1,EGR3 and PEBP4 antisense RNA 1
ENSG00000006282.18,SPATA20,spermatogenesis associated 20
ENSG00000128422.14,KRT17,keratin 17
ENSG00000070501.10,POLB,DNA polymerase beta
ENSG00000261578.1,N/A,N/A
ENSG00000197594.10,ENPP1,ectonucleotide pyrophosphatase/phosphodiesterase 1
ENSG00000266074.7,BAHCC1,BAH domain and coiled-coil containing 1
ENSG00000134291.10,TMEM106C,transmembrane protein 106C
ENSG00000231852.5,CYP21A2,cytochrome P450 family 21 subfamily A member 2
ENSG00000141736.12,ERBB2,erb-b2 receptor tyrosine kinase 2
ENSG00000006128.10,TAC1,tachykinin precursor 1
ENSG00000128944.12,KNSTRN,kinetochore localized astrin (SPAG5) binding protein
ENSG00000186868.14,MAPT,microtubule associated protein tau
ENSG00000129484.12,PARP2,poly(ADP-ribose) polymerase 2
